series,alpha
Taxi,0.20502884854845801
FHV,0.1210401109460199
