"series","model","MSE","RMSE","MAE"
"Taxi","ARMA(2,1)",0.182681747297648,0.427412853453951,0.247165999772453
"FHV","ARMA(1,2)",0.096368220166623,0.310432311730952,0.163259263441308
